1.881e+05,36.4,0.001,NaN
1.881e+05,53.2,0.001,NaN
1.881e+05,51.5,0.001,NaN
1.881e+05,51.6,0.001,NaN
1.8810e+05,43.5,0.001,NaN
1.8811e+05,60.5,0.001,NaN
1.8811e+05,76.9,0.001,NaN
1.8811e+05,58.4,0,NaN
1.8811e+05,53.2,0,NaN
1.8811e+05,64.4,0,NaN
1.8811e+05,54.8,0,NaN
1.8811e+05,47.3,0,NaN
1.882e+05,45,0,NaN
1.882e+05,69.5,0,NaN
1.882e+05,66.8,0,NaN
1.882e+05,95.8,0,NaN
1.8820e+05,64.1,0,NaN
1.8821e+05,45.2,0,NaN
1.8821e+05,45.4,0,NaN
1.8821e+05,40.4,0,NaN
1.8821e+05,57.7,0,NaN
1.8821e+05,59.2,0,NaN
1.8821e+05,84.4,0,NaN
1.8821e+05,41.8,0,NaN
1.883e+05,60.6,0.029,NaN
1.883e+05,46.9,0.033,NaN
1.883e+05,42.8,0.03,NaN
1.883e+05,82.1,0.028,NaN
1.8830e+05,31.5,0.025,NaN
1.8831e+05,76.3,0.023,NaN
1.8831e+05,80.6,0.022,NaN
1.8831e+05,46,0.02,NaN
1.8831e+05,52.6,0.041,NaN
1.8831e+05,83.8,0.078,NaN
1.8831e+05,84.5,0.106,NaN
1.8831e+05,75.9,0.132,NaN
1.884e+05,91.5,0.152,NaN
1.884e+05,86.9,0.152,NaN
1.884e+05,87.5,0.163,NaN
1.884e+05,76.1,0.164,NaN
1.8840e+05,66.5,0.157,NaN
1.8841e+05,51.2,0.152,NaN
1.8841e+05,53.1,0.152,NaN
1.8841e+05,55.8,0.139,NaN
1.8841e+05,61.9,0.135,NaN
1.8841e+05,47.8,0.125,NaN
1.8841e+05,36.6,0.115,NaN
1.8841e+05,47.2,0.108,NaN
1.885e+05,42.8,0.101,NaN
1.885e+05,71.8,0.087,NaN
1.885e+05,49.8,0.082,NaN
1.885e+05,55,0.073,NaN
1.8850e+05,73,0.067,NaN
1.8851e+05,83.7,0.061,NaN
1.8851e+05,66.5,0.058,NaN
1.8851e+05,50,0.053,NaN
1.8851e+05,39.6,0.049,NaN
1.8851e+05,38.7,0.047,NaN
1.8851e+05,30.9,0.043,NaN
1.8851e+05,21.7,0.041,NaN
1.886e+05,29.9,0.038,NaN
1.886e+05,25.9,0.034,NaN
1.886e+05,57.3,0.031,NaN
1.886e+05,43.7,0.029,NaN
1.8860e+05,30.7,0.026,NaN
1.8861e+05,27.1,0.024,NaN
1.8861e+05,30.3,0.022,NaN
1.8861e+05,16.9,0.02,NaN
1.8861e+05,21.4,0.02,NaN
1.8861e+05,8.6,0.069,NaN
1.8861e+05,0.3,0.064,NaN
1.8861e+05,13,0.058,NaN
1.887e+05,10.3,0.054,NaN
1.887e+05,13.2,0.05,NaN
1.887e+05,4.2,0.046,NaN
1.887e+05,6.9,0.042,NaN
1.8870e+05,20,0.039,NaN
1.8871e+05,15.7,0.036,NaN
1.8871e+05,23.4,0.033,NaN
1.8871e+05,21.4,0.034,NaN
1.8871e+05,7.4,0.032,NaN
1.8871e+05,6.6,0.029,NaN
1.8871e+05,6.9,0.027,NaN
1.8871e+05,20.7,0.025,NaN
1.888e+05,12.7,0.023,NaN
1.888e+05,7.1,0.021,NaN
1.888e+05,7.8,0.019,NaN
1.888e+05,5.1,0.018,NaN
1.8880e+05,7,0.016,NaN
1.8881e+05,7.1,0.011,NaN
1.8881e+05,3.1,0.013,NaN
1.8881e+05,2.8,0.015,NaN
1.8881e+05,8.8,0.022,NaN
1.8881e+05,2.1,0.029,NaN
1.8881e+05,10.7,0.037,NaN
1.8881e+05,6.7,0.038,NaN
1.889e+05,0.8,0.038,NaN
1.889e+05,8.5,0.039,NaN
1.889e+05,6.7,0.036,NaN
1.889e+05,4.3,0.033,NaN
1.8890e+05,2.4,0.03,NaN
1.8891e+05,6.4,0.028,NaN
1.8891e+05,9.4,0.026,NaN
1.8891e+05,20.6,0.024,NaN
1.8891e+05,6.5,0.022,NaN
1.8891e+05,2.1,0.02,NaN
1.8891e+05,0.2,0.019,NaN
1.8891e+05,6.7,0.026,NaN
1.89e+05,5.3,0.032,NaN
1.89e+05,0.6,0.039,NaN
1.89e+05,5.1,0.042,NaN
1.89e+05,1.6,0.045,NaN
1.8900e+05,4.8,0.048,NaN
1.8901e+05,1.3,0.044,NaN
1.8901e+05,11.6,0.041,NaN
1.8901e+05,8.5,0.037,NaN
1.8901e+05,17.2,0.034,NaN
1.8901e+05,11.2,0.033,NaN
1.8901e+05,9.6,0.036,NaN
1.8901e+05,7.8,0.037,NaN
1.891e+05,13.5,0.04,NaN
1.891e+05,22.2,0.042,NaN
1.891e+05,10.4,0.039,NaN
1.891e+05,20.5,0.036,NaN
1.8910e+05,41.1,0.033,NaN
1.8911e+05,48.3,0.03,NaN
1.8911e+05,58.8,0.028,NaN
1.8911e+05,33,0.026,NaN
1.8911e+05,53.8,0.024,NaN
1.8911e+05,51.5,0.022,NaN
1.8911e+05,41.9,0.021,NaN
1.8911e+05,32.5,0.021,NaN
1.892e+05,69.1,0.021,NaN
1.892e+05,75.6,0.021,NaN
1.892e+05,49.9,0.023,NaN
1.892e+05,69.6,0.025,NaN
1.8920e+05,79.6,0.028,NaN
1.8921e+05,76.3,0.025,NaN
1.8921e+05,76.5,0.023,NaN
1.8921e+05,101.4,0.021,NaN
1.8921e+05,62.8,0.02,NaN
1.8921e+05,70.5,0.018,NaN
1.8921e+05,65.4,0.017,NaN
1.8921e+05,78.6,0.015,NaN
1.893e+05,75,0.014,NaN
1.893e+05,73,0.013,NaN
1.893e+05,65.7,0.012,NaN
1.893e+05,88.1,0.011,NaN
1.8930e+05,84.7,0.01,NaN
1.8931e+05,89.9,0.009,NaN
1.8931e+05,88.6,0.009,NaN
1.8931e+05,129.2,0.008,NaN
1.8931e+05,77.9,0.007,NaN
1.8931e+05,80,0.007,NaN
1.8931e+05,75.1,0.006,NaN
1.8931e+05,93.8,0.006,NaN
1.894e+05,83.2,0.005,NaN
1.894e+05,84.6,0.005,NaN
1.894e+05,52.3,0.004,NaN
1.894e+05,81.6,0.004,NaN
1.8940e+05,101.2,0.004,NaN
1.8941e+05,98.9,0.003,NaN
1.8941e+05,106,0.003,NaN
1.8941e+05,70.3,0.003,NaN
1.8941e+05,65.9,0.003,NaN
1.8941e+05,75.5,0.002,NaN
1.8941e+05,56.6,0.002,NaN
1.8941e+05,60,0.002,NaN
1.895e+05,63.3,0.002,NaN
1.895e+05,67.2,0.002,NaN
1.895e+05,61,0.002,NaN
1.895e+05,76.9,0.001,NaN
1.8950e+05,67.5,0.001,NaN
1.8951e+05,71.5,0.001,NaN
1.8951e+05,47.8,0.001,NaN
1.8951e+05,68.9,0.001,NaN
1.8951e+05,57.7,0.001,NaN
1.8951e+05,67.9,0.001,NaN
1.8951e+05,47.2,0.001,NaN
1.8951e+05,70.7,0.001,NaN
1.896e+05,29,0.006,NaN
1.896e+05,57.4,0.006,NaN
1.896e+05,52,0.007,NaN
1.896e+05,43.8,0.013,NaN
1.8960e+05,27.7,0.02,NaN
1.8961e+05,49,0.022,NaN
1.8961e+05,45,0.025,NaN
1.8961e+05,27.2,0.028,NaN
1.8961e+05,61.3,0.026,NaN
1.8961e+05,28.7,0.024,NaN
1.8961e+05,38,0.022,NaN
1.8961e+05,42.6,0.02,NaN
1.897e+05,40.6,0.018,NaN
1.897e+05,29.4,0.017,NaN
1.897e+05,29.1,0.016,NaN
1.897e+05,31,0.014,NaN
1.8970e+05,20,0.014,NaN
1.8971e+05,11.3,0.014,NaN
1.8971e+05,27.6,0.015,NaN
1.8971e+05,21.8,0.015,NaN
1.8971e+05,48.1,0.017,NaN
1.8971e+05,14.3,0.019,NaN
1.8971e+05,8.4,0.022,NaN
1.8971e+05,33.3,0.02,NaN
1.898e+05,30.2,0.018,NaN
1.898e+05,36.4,0.017,NaN
1.898e+05,38.3,0.015,NaN
1.898e+05,14.5,0.014,NaN
1.8980e+05,25.8,0.013,NaN
1.8981e+05,22.3,0.012,NaN
1.8981e+05,9,0.011,NaN
1.8981e+05,31.4,0.01,NaN
1.8981e+05,34.8,0.009,NaN
1.8981e+05,34.4,0.009,NaN
1.8981e+05,30.9,0.008,NaN
1.8981e+05,12.6,0.007,NaN
1.899e+05,19.5,0.007,NaN
1.899e+05,9.2,0.006,NaN
1.899e+05,18.1,0.006,NaN
1.899e+05,14.2,0.005,NaN
1.8990e+05,7.7,0.005,NaN
1.8991e+05,20.5,0.004,NaN
1.8991e+05,13.5,0.004,NaN
1.8991e+05,2.9,0.004,NaN
1.8991e+05,8.4,0.003,NaN
1.8991e+05,13,0.003,NaN
1.8991e+05,7.8,0.003,NaN
1.8991e+05,10.5,0.003,NaN
1.9e+05,9.4,0.002,NaN
1.9e+05,13.6,0.002,NaN
1.9e+05,8.6,0.002,NaN
1.9e+05,16,0.002,NaN
1.9000e+05,15.2,0.002,NaN
1.9001e+05,12.1,0.002,NaN
1.9001e+05,8.3,0.002,NaN
1.9001e+05,4.3,0.001,NaN
1.9001e+05,8.3,0.001,NaN
1.9001e+05,12.9,0.001,NaN
1.9001e+05,4.5,0.001,NaN
1.9001e+05,0.3,0.001,NaN
1.901e+05,0.2,0.001,NaN
1.901e+05,2.4,0.001,NaN
1.901e+05,4.5,0.001,NaN
1.901e+05,0,0.001,NaN
1.9010e+05,10.2,0.001,NaN
1.9011e+05,5.8,0.001,NaN
1.9011e+05,0.7,0.001,NaN
1.9011e+05,1,0.001,NaN
1.9011e+05,0.6,0.001,NaN
1.9011e+05,3.7,0,NaN
1.9011e+05,3.8,0,NaN
1.9011e+05,0,0,NaN
1.902e+05,5.5,0.003,NaN
1.902e+05,0,0.004,NaN
1.902e+05,12.4,0.006,NaN
1.902e+05,0,0.009,NaN
1.9020e+05,2.8,0.011,NaN
1.9021e+05,1.4,0.01,NaN
1.9021e+05,0.9,0.009,NaN
1.9021e+05,2.3,0.01,NaN
1.9021e+05,7.6,0.021,NaN
1.9021e+05,16.3,0.039,NaN
1.9021e+05,10.3,0.053,NaN
1.9021e+05,1.1,0.066,NaN
1.903e+05,8.3,0.076,NaN
1.903e+05,17,0.076,NaN
1.903e+05,13.5,0.082,NaN
1.903e+05,26.1,0.082,NaN
1.9030e+05,14.6,0.078,NaN
1.9031e+05,16.3,0.076,NaN
1.9031e+05,27.9,0.076,NaN
1.9031e+05,28.8,0.07,NaN
1.9031e+05,11.1,0.067,NaN
1.9031e+05,38.9,0.063,NaN
1.9031e+05,44.5,0.057,NaN
1.9031e+05,45.6,0.054,NaN
1.904e+05,31.6,0.05,NaN
1.904e+05,24.5,0.044,NaN
1.904e+05,37.2,0.041,NaN
1.904e+05,43,0.036,NaN
1.9040e+05,39.5,0.033,NaN
1.9041e+05,41.9,0.031,NaN
1.9041e+05,50.6,0.029,NaN
1.9041e+05,58.2,0.026,NaN
1.9041e+05,30.1,0.024,NaN
1.9041e+05,54.2,0.023,NaN
1.9041e+05,38,0.022,NaN
1.9041e+05,54.6,0.021,NaN
1.905e+05,54.8,0.019,NaN
1.905e+05,85.8,0.017,NaN
1.905e+05,56.5,0.016,NaN
1.905e+05,39.3,0.015,NaN
1.9050e+05,48,0.013,NaN
1.9051e+05,49,0.012,NaN
1.9051e+05,73,0.011,NaN
1.9051e+05,58.8,0.01,NaN
1.9051e+05,55,0.01,NaN
1.9051e+05,78.7,0.009,NaN
1.9051e+05,107.2,0.009,NaN
1.9051e+05,55.5,0.009,NaN
1.906e+05,45.5,0.009,NaN
1.906e+05,31.3,0.009,NaN
1.906e+05,64.5,0.007,NaN
1.906e+05,55.3,0.006,NaN
1.9060e+05,57.7,0.006,NaN
1.9061e+05,63.2,0.005,NaN
1.9061e+05,103.6,0.005,NaN
1.9061e+05,47.7,0.009,NaN
1.9061e+05,56.1,0.008,NaN
1.9061e+05,17.8,0.008,NaN
1.9061e+05,38.9,0.007,NaN
1.9061e+05,64.7,0.006,NaN
1.907e+05,76.4,0.006,NaN
1.907e+05,108.2,0.006,NaN
1.907e+05,60.7,0.007,NaN
1.907e+05,52.6,0.009,NaN
1.9070e+05,42.9,0.011,NaN
1.9071e+05,40.4,0.011,NaN
1.9071e+05,49.7,0.011,NaN
1.9071e+05,54.3,0.011,NaN
1.9071e+05,85,0.01,NaN
1.9071e+05,65.4,0.009,NaN
1.9071e+05,61.5,0.008,NaN
1.9071e+05,47.3,0.01,NaN
1.908e+05,39.2,0.013,NaN
1.908e+05,33.9,0.015,NaN
1.908e+05,28.7,0.013,NaN
1.908e+05,57.6,0.012,NaN
1.9080e+05,40.8,0.011,NaN
1.9081e+05,48.1,0.01,NaN
1.9081e+05,39.5,0.01,NaN
1.9081e+05,90.5,0.009,NaN
1.9081e+05,86.9,0.008,NaN
1.9081e+05,32.3,0.007,NaN
1.9081e+05,45.5,0.007,NaN
1.9081e+05,39.5,0.006,NaN
1.909e+05,56.7,0.006,NaN
1.909e+05,46.6,0.005,NaN
1.909e+05,66.3,0.005,NaN
1.909e+05,32.3,0.005,NaN
1.9090e+05,36,0.004,NaN
1.9091e+05,22.6,0.004,NaN
1.9091e+05,35.8,0.004,NaN
1.9091e+05,23.1,0.003,NaN
1.9091e+05,38.8,0.003,NaN
1.9091e+05,58.4,0.003,NaN
1.9091e+05,55.8,0.003,NaN
1.9091e+05,54.2,0.002,NaN
1.91e+05,26.4,0.003,NaN
1.91e+05,31.5,0.004,NaN
1.91e+05,21.4,0.004,NaN
1.91e+05,8.4,0.004,NaN
1.9100e+05,22.2,0.004,NaN
1.9101e+05,12.3,0.003,NaN
1.9101e+05,14.1,0.003,NaN
1.9101e+05,11.5,0.003,NaN
1.9101e+05,26.2,0.003,NaN
1.9101e+05,38.3,0.002,NaN
1.9101e+05,4.9,0.002,NaN
1.9101e+05,5.8,0.002,NaN
1.911e+05,3.4,0.002,NaN
1.911e+05,9,0.002,NaN
1.911e+05,7.8,0.002,NaN
1.911e+05,16.5,0.002,NaN
1.9110e+05,9,0.002,NaN
1.9111e+05,2.2,0.002,NaN
1.9111e+05,3.5,0.001,NaN
1.9111e+05,4,0.001,NaN
1.9111e+05,4,0.001,NaN
1.9111e+05,2.6,0.001,NaN
1.9111e+05,4.2,0.001,NaN
1.9111e+05,2.2,0.001,NaN
1.912e+05,0.3,0.001,NaN
1.912e+05,0,0.002,NaN
1.912e+05,4.9,0.002,NaN
1.912e+05,4.5,0.002,NaN
1.9120e+05,4.4,0.002,NaN
1.9121e+05,4.1,0.015,NaN
1.9121e+05,3,0.027,NaN
1.9121e+05,0.3,0.04,NaN
1.9121e+05,9.5,0.038,NaN
1.9121e+05,4.6,0.036,NaN
1.9121e+05,1.1,0.034,NaN
1.9121e+05,6.4,0.033,NaN
1.913e+05,2.3,0.032,NaN
1.913e+05,2.9,0.032,NaN
1.913e+05,0.5,0.029,NaN
1.913e+05,0.9,0.027,NaN
1.9130e+05,0,0.028,NaN
1.9131e+05,0,0.025,NaN
1.9131e+05,1.7,0.023,NaN
1.9131e+05,0.2,0.021,NaN
1.9131e+05,1.2,0.02,NaN
1.9131e+05,3.1,0.018,NaN
1.9131e+05,0.7,0.017,NaN
1.9131e+05,3.8,0.015,NaN
1.914e+05,2.8,0.014,NaN
1.914e+05,2.6,0.013,NaN
1.914e+05,3.1,0.012,NaN
1.914e+05,17.3,0.012,NaN
1.9140e+05,5.2,0.011,NaN
1.9141e+05,11.4,0.01,NaN
1.9141e+05,5.4,0.009,NaN
1.9141e+05,7.7,0.008,NaN
1.9141e+05,12.7,0.008,NaN
1.9141e+05,8.2,0.007,NaN
1.9141e+05,16.4,0.007,NaN
1.9141e+05,22.3,0.006,NaN
1.915e+05,23,0.006,NaN
1.915e+05,42.3,0.005,NaN
1.915e+05,38.8,0.005,NaN
1.915e+05,41.3,0.004,NaN
1.9150e+05,33,0.004,NaN
1.9151e+05,68.8,0.004,NaN
1.9151e+05,71.6,0.003,NaN
1.9151e+05,69.6,0.003,NaN
1.9151e+05,49.5,0.003,NaN
1.9151e+05,53.5,0.003,NaN
1.9151e+05,42.5,0.003,NaN
1.9151e+05,34.5,0.003,NaN
1.916e+05,45.3,0.003,NaN
1.916e+05,55.4,0.003,NaN
1.916e+05,67,0.003,NaN
1.916e+05,71.8,0.003,NaN
1.9160e+05,74.5,0.003,NaN
1.9161e+05,67.7,0.002,NaN
1.9161e+05,53.5,0.002,NaN
1.9161e+05,35.2,0.002,NaN
1.9161e+05,45.1,0.002,NaN
1.9161e+05,50.7,0.002,NaN
1.9161e+05,65.6,0.003,NaN
1.9161e+05,53,0.003,NaN
1.917e+05,74.7,0.003,NaN
1.917e+05,71.9,0.003,NaN
1.917e+05,94.8,0.003,NaN
1.917e+05,74.7,0.003,NaN
1.9170e+05,114.1,0.002,NaN
1.9171e+05,114.9,0.002,NaN
1.9171e+05,119.8,0.002,NaN
1.9171e+05,154.5,0.002,NaN
1.9171e+05,129.4,0.002,NaN
1.9171e+05,72.2,0.002,NaN
1.9171e+05,96.4,0.001,NaN
1.9171e+05,129.3,0.001,NaN
1.918e+05,96,0.002,NaN
1.918e+05,65.3,0.002,NaN
1.918e+05,72.2,0.003,NaN
1.918e+05,80.5,0.002,NaN
1.9180e+05,76.7,0.002,NaN
1.9181e+05,59.4,0.002,NaN
1.9181e+05,107.6,0.002,NaN
1.9181e+05,101.7,0.002,NaN
1.9181e+05,79.9,0.002,NaN
1.9181e+05,85,0.001,NaN
1.9181e+05,83.4,0.001,NaN
1.9181e+05,59.2,0.001,NaN
1.919e+05,48.1,0.001,NaN
1.919e+05,79.5,0.002,NaN
1.919e+05,66.5,0.003,NaN
1.919e+05,51.8,0.003,NaN
1.9190e+05,88.1,0.002,NaN
1.9191e+05,111.2,0.002,NaN
1.9191e+05,64.7,0.002,NaN
1.9191e+05,69,0.002,NaN
1.9191e+05,54.7,0.002,NaN
1.9191e+05,52.8,0.002,NaN
1.9191e+05,42,0.001,NaN
1.9191e+05,34.9,0.001,NaN
1.92e+05,51.1,0.001,NaN
1.92e+05,53.9,0.001,NaN
1.92e+05,70.2,0.001,NaN
1.92e+05,14.8,0.003,NaN
1.9200e+05,33.3,0.007,NaN
1.9201e+05,38.7,0.01,NaN
1.9201e+05,27.5,0.014,NaN
1.9201e+05,19.2,0.017,NaN
1.9201e+05,36.3,0.016,NaN
1.9201e+05,49.6,0.015,NaN
1.9201e+05,27.2,0.014,NaN
1.9201e+05,29.9,0.012,NaN
1.921e+05,31.5,0.011,NaN
1.921e+05,28.3,0.01,NaN
1.921e+05,26.7,0.01,NaN
1.921e+05,32.4,0.009,NaN
1.9210e+05,22.2,0.008,NaN
1.9211e+05,33.7,0.008,NaN
1.9211e+05,41.9,0.007,NaN
1.9211e+05,22.8,0.006,NaN
1.9211e+05,17.8,0.006,NaN
1.9211e+05,18.2,0.005,NaN
1.9211e+05,17.8,0.005,NaN
1.9211e+05,20.3,0.005,NaN
1.922e+05,11.8,0.004,NaN
1.922e+05,26.4,0.004,NaN
1.922e+05,54.7,0.004,NaN
1.922e+05,11,0.003,NaN
1.9220e+05,8,0.003,NaN
1.9221e+05,5.8,0.003,NaN
1.9221e+05,10.9,0.003,NaN
1.9221e+05,6.5,0.002,NaN
1.9221e+05,4.7,0.002,NaN
1.9221e+05,6.2,0.002,NaN
1.9221e+05,7.4,0.002,NaN
1.9221e+05,17.5,0.002,NaN
1.923e+05,4.5,0.002,NaN
1.923e+05,1.5,0.001,NaN
1.923e+05,3.3,0.001,NaN
1.923e+05,6.1,0.001,NaN
1.9230e+05,3.2,0.001,NaN
1.9231e+05,9.1,0.001,NaN
1.9231e+05,3.5,0.001,NaN
1.9231e+05,0.5,0.001,NaN
1.9231e+05,13.2,0.001,NaN
1.9231e+05,11.6,0.001,NaN
1.9231e+05,10,0.001,NaN
1.9231e+05,2.8,0.001,NaN
1.924e+05,0.5,0.003,NaN
1.924e+05,5.1,0.003,NaN
1.924e+05,1.8,0.003,NaN
1.924e+05,11.3,0.003,NaN
1.9240e+05,20.8,0.003,NaN
1.9241e+05,24,0.003,NaN
1.9241e+05,28.1,0.004,NaN
1.9241e+05,19.3,0.004,NaN
1.9241e+05,25.1,0.004,NaN
1.9241e+05,25.6,0.004,NaN
1.9241e+05,22.5,0.003,NaN
1.9241e+05,16.5,0.003,NaN
1.925e+05,5.5,0.003,NaN
1.925e+05,23.2,0.003,NaN
1.925e+05,18,0.003,NaN
1.925e+05,31.7,0.003,NaN
1.9250e+05,42.8,0.004,NaN
1.9251e+05,47.5,0.003,NaN
1.9251e+05,38.5,0.003,NaN
1.9251e+05,37.9,0.003,NaN
1.9251e+05,60.2,0.002,NaN
1.9251e+05,69.2,0.002,NaN
1.9251e+05,58.6,0.002,NaN
1.9251e+05,98.6,0.002,NaN
1.926e+05,71.8,0.002,NaN
1.926e+05,69.9,0.002,NaN
1.926e+05,62.5,0.002,NaN
1.926e+05,38.5,0.001,NaN
1.9260e+05,64.3,0.001,NaN
1.9261e+05,73.5,0.003,NaN
1.9261e+05,52.3,0.003,NaN
1.9261e+05,61.6,0.003,NaN
1.9261e+05,60.8,0.003,NaN
1.9261e+05,71.5,0.003,NaN
1.9261e+05,60.5,0.003,NaN
1.9261e+05,79.4,0.002,NaN
1.927e+05,81.6,0.002,NaN
1.927e+05,93,0.002,NaN
1.927e+05,69.6,0.002,NaN
1.927e+05,93.5,0.002,NaN
1.9270e+05,79.1,0.002,NaN
1.9271e+05,59.1,0.001,NaN
1.9271e+05,54.9,0.001,NaN
1.9271e+05,53.8,0.001,NaN
1.9271e+05,68.4,0.001,NaN
1.9271e+05,63.1,0.001,NaN
1.9271e+05,67.2,0.001,NaN
1.9271e+05,45.2,0.001,NaN
1.928e+05,83.5,0.002,NaN
1.928e+05,73.5,0.002,NaN
1.928e+05,85.5,0.003,NaN
1.928e+05,80.6,0.003,NaN
1.9280e+05,77,0.004,NaN
1.9281e+05,91.4,0.006,NaN
1.9281e+05,98,0.006,NaN
1.9281e+05,83.8,0.007,NaN
1.9281e+05,89.7,0.007,NaN
1.9281e+05,61.4,0.007,NaN
1.9281e+05,50.3,0.007,NaN
1.9281e+05,59,0.008,NaN
1.929e+05,68.9,0.009,NaN
1.929e+05,62.8,0.01,NaN
1.929e+05,50.2,0.01,NaN
1.929e+05,52.8,0.01,NaN
1.9290e+05,58.2,0.01,NaN
1.9291e+05,71.9,0.01,NaN
1.9291e+05,70.2,0.01,NaN
1.9291e+05,65.8,0.011,NaN
1.9291e+05,34.4,0.01,NaN
1.9291e+05,54,0.01,NaN
1.9291e+05,81.1,0.009,NaN
1.9291e+05,108,0.009,NaN
1.93e+05,65.3,0.008,NaN
1.93e+05,49.9,0.007,NaN
1.93e+05,35,0.007,NaN
1.93e+05,38.2,0.006,NaN
1.9300e+05,36.8,0.006,NaN
1.9301e+05,28.8,0.006,NaN
1.9301e+05,21.9,0.006,NaN
1.9301e+05,24.9,0.006,NaN
1.9301e+05,32.1,0.006,NaN
1.9301e+05,34.4,0.005,NaN
1.9301e+05,35.6,0.005,NaN
1.9301e+05,25.8,0.005,NaN
1.931e+05,14.6,0.005,NaN
1.931e+05,43.1,0.005,NaN
1.931e+05,30,0.005,NaN
1.931e+05,31.2,0.005,NaN
1.9310e+05,24.6,0.005,NaN
1.9311e+05,15.3,0.005,NaN
1.9311e+05,17.4,0.005,NaN
1.9311e+05,13,0.004,NaN
1.9311e+05,19,0.004,NaN
1.9311e+05,10,0.004,NaN
1.9311e+05,18.7,0.004,NaN
1.9311e+05,17.8,0.004,NaN
1.932e+05,12.1,0.005,NaN
1.932e+05,10.6,0.006,NaN
1.932e+05,11.2,0.006,NaN
1.932e+05,11.2,0.006,NaN
1.9320e+05,17.9,0.007,NaN
1.9321e+05,22.2,0.009,NaN
1.9321e+05,9.6,0.01,NaN
1.9321e+05,6.8,0.01,NaN
1.9321e+05,4,0.01,NaN
1.9321e+05,8.9,0.01,NaN
1.9321e+05,8.2,0.01,NaN
1.9321e+05,11,0.01,NaN
1.933e+05,12.3,0.009,NaN
1.933e+05,22.2,0.009,NaN
1.933e+05,10.1,0.008,NaN
1.933e+05,2.9,0.008,NaN
1.9330e+05,3.2,0.007,NaN
1.9331e+05,5.2,0.007,NaN
1.9331e+05,2.8,0.006,NaN
1.9331e+05,0.2,0.006,NaN
1.9331e+05,5.1,0.005,NaN
1.9331e+05,3,0.005,NaN
1.9331e+05,0.6,0.004,NaN
1.9331e+05,0.3,0.004,NaN
1.934e+05,3.4,0.004,NaN
1.934e+05,7.8,0.003,NaN
1.934e+05,4.3,0.003,NaN
1.934e+05,11.3,0.003,NaN
1.9340e+05,19.7,0.003,NaN
1.9341e+05,6.7,0.003,NaN
1.9341e+05,9.3,0.004,NaN
1.9341e+05,8.3,0.004,NaN
1.9341e+05,4,0.004,NaN
1.9341e+05,5.7,0.004,NaN
1.9341e+05,8.7,0.005,NaN
1.9341e+05,15.4,0.005,NaN
1.935e+05,18.6,0.004,NaN
1.935e+05,20.5,0.004,NaN
1.935e+05,23.1,0.005,NaN
1.935e+05,12.2,0.005,NaN
1.9350e+05,27.3,0.005,NaN
1.9351e+05,45.7,0.004,NaN
1.9351e+05,33.9,0.004,NaN
1.9351e+05,30.1,0.004,NaN
1.9351e+05,42.1,0.004,NaN
1.9351e+05,53.2,0.004,NaN
1.9351e+05,64.2,0.003,NaN
1.9351e+05,61.5,0.003,NaN
1.936e+05,62.8,0.003,NaN
1.936e+05,74.3,0.003,NaN
1.936e+05,77.1,0.003,NaN
1.936e+05,74.9,0.003,NaN
1.9360e+05,54.6,0.003,NaN
1.9361e+05,70,0.002,NaN
1.9361e+05,52.3,0.003,NaN
1.9361e+05,87,0.003,NaN
1.9361e+05,76,0.003,NaN
1.9361e+05,89,0.004,NaN
1.9361e+05,115.4,0.004,NaN
1.9361e+05,123.4,0.003,NaN
1.937e+05,132.5,0.003,NaN
1.937e+05,128.5,0.003,NaN
1.937e+05,83.9,0.003,NaN
1.937e+05,109.3,0.003,NaN
1.9370e+05,116.7,0.002,NaN
1.9371e+05,130.3,0.002,NaN
1.9371e+05,145.1,0.002,NaN
1.9371e+05,137.7,0.002,NaN
1.9371e+05,100.7,0.003,NaN
1.9371e+05,124.9,0.003,NaN
1.9371e+05,74.4,0.003,NaN
1.9371e+05,88.8,0.003,NaN
1.938e+05,98.4,0.003,NaN
1.938e+05,119.2,0.003,NaN
1.938e+05,86.5,0.005,NaN
1.938e+05,101,0.005,NaN
1.9380e+05,127.4,0.005,NaN
1.9381e+05,97.5,0.005,NaN
1.9381e+05,165.3,0.005,NaN
1.9381e+05,115.7,0.005,NaN
1.9381e+05,89.6,0.006,NaN
1.9381e+05,99.1,0.006,NaN
1.9381e+05,122.2,0.005,NaN
1.9381e+05,92.7,0.005,NaN
1.939e+05,80.3,0.005,NaN
1.939e+05,77.4,0.004,NaN
1.939e+05,64.6,0.005,NaN
1.939e+05,109.1,0.005,NaN
1.9390e+05,118.3,0.004,NaN
1.9391e+05,101,0.004,NaN
1.9391e+05,97.6,0.004,NaN
1.9391e+05,105.8,0.004,NaN
1.9391e+05,112.6,0.004,NaN
1.9391e+05,88.1,0.003,NaN
1.9391e+05,68.1,0.003,NaN
1.9391e+05,42.1,0.003,NaN
1.94e+05,50.5,0.003,NaN
1.94e+05,59.4,0.004,NaN
1.94e+05,83.3,0.004,NaN
1.94e+05,60.7,0.003,NaN
1.9400e+05,54.4,0.003,NaN
1.9401e+05,83.9,0.003,NaN
1.9401e+05,67.5,0.003,NaN
1.9401e+05,105.5,0.003,NaN
1.9401e+05,66.5,0.003,NaN
1.9401e+05,55,0.003,NaN
1.9401e+05,58.4,0.003,NaN
1.9401e+05,68.3,0.003,NaN
1.941e+05,45.6,0.002,NaN
1.941e+05,44.5,0.002,NaN
1.941e+05,46.4,0.002,NaN
1.941e+05,32.8,0.002,NaN
1.9410e+05,29.5,0.002,NaN
1.9411e+05,59.8,0.002,NaN
1.9411e+05,66.9,0.002,NaN
1.9411e+05,60,0.001,NaN
1.9411e+05,65.9,0.002,NaN
1.9411e+05,46.3,0.002,NaN
1.9411e+05,38.4,0.002,NaN
1.9411e+05,33.7,0.002,NaN
1.942e+05,35.6,0.003,NaN
1.942e+05,52.8,0.003,NaN
1.942e+05,54.2,0.003,NaN
1.942e+05,60.7,0.003,NaN
1.9420e+05,25,0.003,NaN
1.9421e+05,11.4,0.003,NaN
1.9421e+05,17.7,0.004,NaN
1.9421e+05,20.2,0.004,NaN
1.9421e+05,17.2,0.006,NaN
1.9421e+05,19.2,0.006,NaN
1.9421e+05,30.7,0.006,NaN
1.9421e+05,22.5,0.006,NaN
1.943e+05,12.5,0.006,NaN
1.943e+05,28.9,0.006,NaN
1.943e+05,27.4,0.005,NaN
1.943e+05,26.1,0.005,NaN
1.9430e+05,14.1,0.004,NaN
1.9431e+05,7.6,0.004,NaN
1.9431e+05,13.2,0.004,NaN
1.9431e+05,19.4,0.004,NaN
1.9431e+05,10,0.004,NaN
1.9431e+05,7.8,0.004,NaN
1.9431e+05,10.2,0.003,NaN
1.9431e+05,18.8,0.003,NaN
1.944e+05,3.7,0.003,NaN
1.944e+05,0.5,0.003,NaN
1.944e+05,11,0.002,NaN
1.944e+05,0.3,0.002,NaN
1.9440e+05,2.5,0.002,NaN
1.9441e+05,5,0.002,NaN
1.9441e+05,5,0.002,NaN
1.9441e+05,16.7,0.002,NaN
1.9441e+05,14.3,0.002,NaN
1.9441e+05,16.9,0.002,NaN
1.9441e+05,10.8,0.002,NaN
1.9441e+05,28.4,0.002,NaN
1.945e+05,18.5,0.002,NaN
1.945e+05,12.7,0.003,NaN
1.945e+05,21.5,0.003,NaN
1.945e+05,32,0.003,NaN
1.9450e+05,30.6,0.002,NaN
1.9451e+05,36.2,0.002,NaN
1.9451e+05,42.6,0.002,NaN
1.9451e+05,25.9,0.002,NaN
1.9451e+05,34.9,0.002,NaN
1.9451e+05,68.8,0.002,NaN
1.9451e+05,46,0.001,NaN
1.9451e+05,27.4,0.001,NaN
1.946e+05,47.6,0.001,NaN
1.946e+05,86.2,0.001,NaN
1.946e+05,76.6,0.001,NaN
1.946e+05,75.7,0.001,NaN
1.9460e+05,84.9,0.001,NaN
1.9461e+05,73.5,0.002,NaN
1.9461e+05,116.2,0.002,NaN
1.9461e+05,107.2,0.002,NaN
1.9461e+05,94.4,0.002,NaN
1.9461e+05,102.3,0.002,NaN
1.9461e+05,123.8,0.002,NaN
1.9461e+05,121.7,0.002,NaN
1.947e+05,115.7,0.001,NaN
1.947e+05,133.4,0.001,NaN
1.947e+05,129.8,0.001,NaN
1.947e+05,149.8,0.001,NaN
1.9470e+05,201.3,0.001,NaN
1.9471e+05,163.9,0.001,NaN
1.9471e+05,157.9,0.004,NaN
1.9471e+05,188.8,0.004,NaN
1.9471e+05,169.4,0.003,NaN
1.9471e+05,163.6,0.003,NaN
1.9471e+05,128,0.003,NaN
1.9471e+05,116.5,0.003,NaN
1.948e+05,108.5,0.002,NaN
1.948e+05,86.1,0.002,NaN
1.948e+05,94.8,0.002,NaN
1.948e+05,189.7,0.002,NaN
1.9480e+05,174,0.002,NaN
1.9481e+05,167.8,0.002,NaN
1.9481e+05,142.2,0.002,NaN
1.9481e+05,157.9,0.001,NaN
1.9481e+05,143.3,0.001,NaN
1.9481e+05,136.3,0.001,NaN
1.9481e+05,95.8,0.001,NaN
1.9481e+05,138,0.001,NaN
1.949e+05,119.1,0.001,NaN
1.949e+05,182.3,0.001,NaN
1.949e+05,157.5,0.002,NaN
1.949e+05,147,0.003,NaN
1.9490e+05,106.2,0.003,NaN
1.9491e+05,121.7,0.004,NaN
1.9491e+05,125.8,0.004,NaN
1.9491e+05,123.8,0.004,NaN
1.9491e+05,145.3,0.004,NaN
1.9491e+05,131.6,0.004,NaN
1.9491e+05,143.5,0.004,NaN
1.9491e+05,117.6,0.003,NaN
1.95e+05,101.6,0.003,NaN
1.95e+05,94.8,0.003,NaN
1.95e+05,109.7,0.003,NaN
1.95e+05,113.4,0.003,NaN
1.9500e+05,106.2,0.004,NaN
1.9501e+05,83.6,0.003,NaN
1.9501e+05,91,0.003,NaN
1.9501e+05,85.2,0.003,NaN
1.9501e+05,51.3,0.002,NaN
1.9501e+05,61.4,0.002,NaN
1.9501e+05,54.8,0.002,NaN
1.9501e+05,54.1,0.002,NaN
1.951e+05,59.9,0.002,NaN
1.951e+05,59.9,0.002,NaN
1.951e+05,55.9,0.002,NaN
1.951e+05,92.9,0.001,NaN
1.9510e+05,108.5,0.001,NaN
1.9511e+05,100.6,0.001,NaN
1.9511e+05,61.5,0.001,NaN
1.9511e+05,61,0.001,NaN
1.9511e+05,83.1,0.002,NaN
1.9511e+05,51.6,0.003,NaN
1.9511e+05,52.4,0.003,NaN
1.9511e+05,45.8,0.003,NaN
1.952e+05,40.7,0.004,NaN
1.952e+05,22.7,0.004,NaN
1.952e+05,22,0.004,NaN
1.952e+05,29.1,0.004,NaN
1.9520e+05,23.4,0.004,NaN
1.9521e+05,36.4,0.004,NaN
1.9521e+05,39.3,0.004,NaN
1.9521e+05,54.9,0.003,NaN
1.9521e+05,28.2,0.004,NaN
1.9521e+05,23.8,0.003,NaN
1.9521e+05,22.1,0.003,NaN
1.9521e+05,34.3,0.003,NaN
1.953e+05,26.5,0.003,NaN
1.953e+05,3.9,0.002,NaN
1.953e+05,10,0.002,NaN
1.953e+05,27.8,0.002,NaN
1.9530e+05,12.5,0.002,NaN
1.9531e+05,21.8,0.003,NaN
1.9531e+05,8.6,0.003,NaN
1.9531e+05,23.5,0.004,NaN
1.9531e+05,19.3,0.004,NaN
1.9531e+05,8.2,0.004,NaN
1.9531e+05,1.6,0.004,NaN
1.9531e+05,2.5,0.005,NaN
1.954e+05,0.2,0.005,NaN
1.954e+05,0.5,0.005,NaN
1.954e+05,10.9,0.005,NaN
1.954e+05,1.8,0.004,NaN
1.9540e+05,0.8,0.004,NaN
1.9541e+05,0.2,0.004,NaN
1.9541e+05,4.8,0.003,NaN
1.9541e+05,8.4,0.003,NaN
1.9541e+05,1.5,0.003,NaN
1.9541e+05,7,0.003,NaN
1.9541e+05,9.2,0.002,NaN
1.9541e+05,7.6,0.002,NaN
1.955e+05,23.1,0.002,NaN
1.955e+05,20.8,0.002,NaN
1.955e+05,4.9,0.002,NaN
1.955e+05,11.3,0.002,NaN
1.9550e+05,28.9,0.001,NaN
1.9551e+05,31.7,0.001,NaN
1.9551e+05,26.7,0.001,NaN
1.9551e+05,40.7,0.001,NaN
1.9551e+05,42.7,0.002,NaN
1.9551e+05,58.5,0.002,NaN
1.9551e+05,89.2,0.002,NaN
1.9551e+05,76.9,0.002,NaN
1.956e+05,73.6,0.002,NaN
1.956e+05,124,0.001,NaN
1.956e+05,118.4,0.001,NaN
1.956e+05,110.7,0.001,NaN
1.9560e+05,136.6,0.001,NaN
1.9561e+05,116.6,0.001,NaN
1.9561e+05,129.1,0.001,NaN
1.9561e+05,169.6,0.001,NaN
1.9561e+05,173.2,0.001,NaN
1.9561e+05,155.3,0.001,NaN
1.9561e+05,201.3,0.001,NaN
1.9561e+05,192.1,0.001,NaN
1.957e+05,165,0.001,NaN
1.957e+05,130.3,0.001,NaN
1.957e+05,157.4,0,NaN
1.957e+05,175.2,0,NaN
1.9570e+05,164.6,0,NaN
1.9571e+05,200.7,0,NaN
1.9571e+05,187.2,0,NaN
1.9571e+05,158,0,NaN
1.9571e+05,235.8,0,NaN
1.9571e+05,253.8,0,NaN
1.9571e+05,210.9,0,NaN
1.9571e+05,239.4,0,NaN
1.958e+05,202.5,0,0.9364
1.958e+05,164.9,0,0.9326
1.958e+05,190.7,0,0.9341
1.958e+05,196,0,0.9277
1.9580e+05,175.3,0,0.9287
1.9581e+05,171.5,0,0.9305
1.9581e+05,191.4,0,0.9329
1.9581e+05,200.2,0,0.9328
1.9581e+05,201.2,0,0.934
1.9581e+05,181.5,0,0.9349
1.9581e+05,152.3,0,0.9333
1.9581e+05,187.6,0,0.9351
1.959e+05,217.4,0,0.9376
1.959e+05,143.1,0,0.9357
1.959e+05,185.7,0,0.934
1.959e+05,163.3,0,0.9339
1.9590e+05,172,0,0.9344
1.9591e+05,168.7,0,0.9303
1.9591e+05,149.6,0,0.9327
1.9591e+05,199.6,0,0.9355
1.9591e+05,145.2,0,0.9343
1.9591e+05,111.4,0,0.9355
1.9591e+05,124,0,0.9345
1.9591e+05,125,0,0.9368
1.96e+05,146.3,0,0.9363
1.96e+05,106,0,0.9334
1.96e+05,102.2,0,0.9341
1.96e+05,122,0.001,0.924
1.9600e+05,119.6,0.003,0.9281
1.9601e+05,110.2,0.004,0.9254
1.9601e+05,121.7,0.006,0.9363
1.9601e+05,134.1,0.007,0.9317
1.9601e+05,127.2,0.008,0.9382
1.9601e+05,82.8,0.008,0.9334
1.9601e+05,89.6,0.008,0.9373
1.9601e+05,85.6,0.008,0.9345
1.961e+05,57.9,0.008,0.937
1.961e+05,46.1,0.009,0.9311
1.961e+05,53,0.011,0.9339
1.961e+05,61.4,0.012,0.9334
1.9610e+05,51,0.012,0.9328
1.9611e+05,77.4,0.011,0.9304
1.9611e+05,70.2,0.01,0.9343
1.9611e+05,55.8,0.011,0.9356
1.9611e+05,63.6,0.012,0.9335
1.9611e+05,37.7,0.012,0.9316
1.9611e+05,32.6,0.011,0.936
1.9611e+05,39.9,0.01,0.9366
1.962e+05,38.7,0.009,0.9341
1.962e+05,50.3,0.009,0.9357
1.962e+05,45.6,0.014,0.9289
1.962e+05,46.4,0.015,0.9304
1.9620e+05,43.7,0.014,0.9279
1.9621e+05,42,0.013,0.9335
1.9621e+05,21.8,0.013,0.9361
1.9621e+05,21.8,0.016,0.9324
1.9621e+05,51.3,0.015,0.9362
1.9621e+05,39.5,0.014,0.9369
1.9621e+05,26.9,0.013,0.9354
1.9621e+05,23.2,0.012,0.9363
1.963e+05,19.8,0.012,0.9327
1.963e+05,24.4,0.012,0.9347
1.963e+05,17.1,0.012,0.934
1.963e+05,29.3,0.017,0.9264
1.9630e+05,43,0.034,0.9083
1.9631e+05,35.9,0.047,0.9202
1.9631e+05,19.6,0.051,0.9219
1.9631e+05,33.2,0.056,0.9204
1.9631e+05,38.8,0.06,0.9178
1.9631e+05,35.3,0.075,0.9208
1.9631e+05,23.4,0.088,0.9232
1.9631e+05,14.9,0.085,0.9252
1.964e+05,15.3,0.08,0.9208
1.964e+05,17.7,0.074,0.9182
1.964e+05,16.5,0.07,0.9131
1.964e+05,8.6,0.067,0.9091
1.9640e+05,9.5,0.067,0.9093
1.9641e+05,9.1,0.07,0.9179
1.9641e+05,3.1,0.08,0.9151
1.9641e+05,9.3,0.08,0.9153
1.9641e+05,4.7,0.074,0.9172
1.9641e+05,6.1,0.069,0.9192
1.9641e+05,7.4,0.066,0.9129
1.9641e+05,15.1,0.063,0.9179
1.965e+05,17.5,0.06,0.9171
1.965e+05,14.3,0.057,0.9159
1.965e+05,11.7,0.053,0.9168
1.965e+05,6.8,0.049,0.9145
1.9650e+05,24.1,0.046,0.9123
1.9651e+05,15.9,0.043,0.9135
1.9651e+05,11.9,0.04,0.9214
1.9651e+05,8.9,0.037,0.9244
1.9651e+05,16.8,0.035,0.9219
1.9651e+05,20.1,0.032,0.9233
1.9651e+05,15.8,0.031,0.9247
1.9651e+05,17,0.033,0.9247
1.966e+05,28.2,0.033,0.9292
1.966e+05,24.4,0.031,0.9286
1.966e+05,25.3,0.029,0.9217
1.966e+05,48.7,0.027,0.9214
1.9660e+05,45.3,0.025,0.919
1.9661e+05,47.7,0.023,0.922
1.9661e+05,56.7,0.022,0.9289
1.9661e+05,51.2,0.02,0.9297
1.9661e+05,50.2,0.019,0.9211
1.9661e+05,57.2,0.018,0.92
1.9661e+05,57.2,0.016,0.9227
1.9661e+05,70.4,0.015,0.9248
1.967e+05,110.9,0.014,0.9268
1.967e+05,93.6,0.013,0.9218
1.967e+05,111.8,0.012,0.9254
1.967e+05,69.5,0.011,0.9163
1.9670e+05,86.5,0.011,0.918
1.9671e+05,67.3,0.013,0.9215
1.9671e+05,91.5,0.014,0.9189
1.9671e+05,107.2,0.016,0.9261
1.9671e+05,76.8,0.017,0.9188
1.9671e+05,88.2,0.019,0.9258
1.9671e+05,94.3,0.018,0.9242
1.9671e+05,126.4,0.016,0.926
1.968e+05,121.8,0.015,0.9298
1.968e+05,111.9,0.014,0.9294
1.968e+05,92.2,0.013,0.9278
1.968e+05,81.2,0.012,0.9255
1.9680e+05,127.2,0.014,0.9233
1.9681e+05,110.3,0.021,0.9222
1.9681e+05,96.1,0.027,0.9227
1.9681e+05,109.3,0.034,0.9252
1.9681e+05,117.2,0.041,0.927
1.9681e+05,107.7,0.047,0.9287
1.9681e+05,86,0.046,0.9282
1.9681e+05,109.8,0.044,0.9293
1.969e+05,104.4,0.043,0.9305
1.969e+05,120.5,0.041,0.9236
1.969e+05,135.8,0.04,0.9259
1.969e+05,106.8,0.038,0.9256
1.9690e+05,120,0.037,0.9312
1.9691e+05,106,0.035,0.9275
1.9691e+05,96.8,0.034,0.9329
1.9691e+05,98,0.032,0.9313
1.9691e+05,91.3,0.03,0.9323
1.9691e+05,95.7,0.029,0.9275
1.9691e+05,93.5,0.027,0.9301
1.9691e+05,97.9,0.026,0.9289
1.97e+05,111.5,0.024,0.9368
1.97e+05,127.8,0.023,0.9349
1.97e+05,102.9,0.021,0.9303
1.97e+05,109.5,0.02,0.9309
1.9700e+05,127.5,0.018,0.9284
1.9701e+05,106.8,0.017,0.9275
1.9701e+05,112.5,0.015,0.934
1.9701e+05,93,0.014,0.9337
1.9701e+05,99.5,0.013,0.9305
1.9701e+05,86.6,0.012,0.9316
1.9701e+05,95.2,0.011,0.9328
1.9701e+05,83.5,0.01,0.9349
1.971e+05,91.3,0.009,0.9341
1.971e+05,79,0.009,0.9334
1.971e+05,60.7,0.008,0.9302
1.971e+05,71.8,0.007,0.9281
1.9710e+05,57.5,0.007,0.9249
1.9711e+05,49.8,0.006,0.9283
1.9711e+05,81,0.006,0.9306
1.9711e+05,61.4,0.005,0.9341
1.9711e+05,50.2,0.006,0.9348
1.9711e+05,51.7,0.005,0.9363
1.9711e+05,63.2,0.005,0.9339
1.9711e+05,82.2,0.004,0.9298
1.972e+05,61.5,0.004,0.9305
1.972e+05,88.4,0.004,0.9334
1.972e+05,80.1,0.004,0.9323
1.972e+05,63.2,0.003,0.9274
1.9720e+05,80.5,0.003,0.9246
1.9721e+05,88,0.003,0.9284
1.9721e+05,76.5,0.003,0.9299
1.9721e+05,76.8,0.004,0.9351
1.9721e+05,64,0.004,0.9306
1.9721e+05,61.3,0.004,0.9247
1.9721e+05,41.6,0.005,0.9308
1.9721e+05,45.3,0.005,0.9363
1.973e+05,43.4,0.006,0.9376
1.973e+05,42.9,0.006,0.9314
1.973e+05,46,0.006,0.9325
1.973e+05,57.7,0.007,0.9266
1.9730e+05,42.4,0.007,0.9247
1.9731e+05,39.5,0.007,0.9329
1.9731e+05,23.1,0.008,0.9333
1.9731e+05,25.6,0.008,0.9312
1.9731e+05,59.3,0.009,0.9306
1.9731e+05,30.7,0.009,0.9371
1.9731e+05,23.9,0.009,0.9304
1.9731e+05,23.3,0.01,0.9341
1.974e+05,27.6,0.01,0.932
1.974e+05,26,0.011,0.9293
1.974e+05,21.3,0.011,0.9327
1.974e+05,40.3,0.011,0.9258
1.9740e+05,39.5,0.012,0.9248
1.9741e+05,36,0.012,0.9374
1.9741e+05,55.8,0.012,0.9366
1.9741e+05,33.6,0.013,0.9297
1.9741e+05,40.2,0.013,0.9322
1.9741e+05,47.1,0.014,0.9332
1.9741e+05,25,0.014,0.9306
1.9741e+05,20.5,0.018,0.933
1.975e+05,18.9,0.023,0.9286
1.975e+05,11.5,0.027,0.9279
1.975e+05,11.5,0.031,0.9262
1.975e+05,5.1,0.036,0.9181
1.9750e+05,9,0.04,0.9224
1.9751e+05,11.4,0.037,0.9295
1.9751e+05,28.2,0.034,0.9314
1.9751e+05,39.7,0.031,0.9297
1.9751e+05,13.9,0.029,0.9289
1.9751e+05,9.1,0.026,0.9285
1.9751e+05,19.4,0.024,0.9298
1.9751e+05,7.8,0.022,0.93
1.976e+05,8.1,0.02,0.924
1.976e+05,4.3,0.019,0.9311
1.976e+05,21.9,0.017,0.931
1.976e+05,18.8,0.016,0.9325
1.9760e+05,12.4,0.015,0.9241
1.9761e+05,12.2,0.014,0.927
1.9761e+05,1.9,0.012,0.926
1.9761e+05,16.4,0.011,0.9221
1.9761e+05,13.5,0.01,0.9324
1.9761e+05,20.6,0.01,0.9351
1.9761e+05,5.2,0.009,0.9326
1.9761e+05,15.3,0.008,0.9389
1.977e+05,16.4,0.008,0.9404
1.977e+05,23.1,0.007,0.9386
1.977e+05,8.7,0.006,0.9385
1.977e+05,12.9,0.006,0.9382
1.9770e+05,18.6,0.005,0.9315
1.9771e+05,38.5,0.005,0.9337
1.9771e+05,21.4,0.005,0.936
1.9771e+05,30.1,0.004,0.9306
1.9771e+05,44,0.004,0.929
1.9771e+05,43.8,0.004,0.9314
1.9771e+05,29.1,0.003,0.9362
1.9771e+05,43.2,0.003,0.9343
1.978e+05,51.9,0.003,0.9359
1.978e+05,93.6,0.003,0.9347
1.978e+05,76.5,0.002,0.9313
1.978e+05,99.7,0.003,0.9293
1.9780e+05,82.7,0.005,0.9244
1.9781e+05,95.1,0.007,0.9258
1.9781e+05,70.4,0.008,0.9311
1.9781e+05,58.1,0.01,0.9296
1.9781e+05,138.2,0.012,0.9345
1.9781e+05,125.1,0.012,0.9335
1.9781e+05,97.9,0.012,0.9304
1.9781e+05,122.7,0.012,0.9338
1.979e+05,166.6,0.013,0.9327
1.979e+05,137.5,0.013,0.9315
1.979e+05,138,0.012,0.9258
1.979e+05,101.5,0.011,0.922
1.9790e+05,134.4,0.01,0.92
1.9791e+05,149.5,0.009,0.9275
1.9791e+05,159.4,0.008,0.9303
1.9791e+05,142.2,0.008,0.931
1.9791e+05,188.4,0.007,0.933
1.9791e+05,186.2,0.007,0.9294
1.9791e+05,183.3,0.006,0.9261
1.9791e+05,176.3,0.006,0.9323
1.98e+05,159.6,0.005,0.9337
1.98e+05,155,0.005,0.9339
1.98e+05,126.2,0.004,0.9308
1.98e+05,164.1,0.004,0.9257
1.9800e+05,179.9,0.004,0.923
1.9801e+05,157.3,0.004,0.9277
1.9801e+05,136.3,0.004,0.929
1.9801e+05,135.4,0.005,0.9315
1.9801e+05,155,0.005,0.928
1.9801e+05,164.7,0.005,0.9309
1.9801e+05,147.9,0.005,0.9309
1.9801e+05,174.4,0.005,0.9309
1.981e+05,114,0.005,0.9324
1.981e+05,141.3,0.005,0.9344
1.981e+05,135.5,0.005,0.9308
1.981e+05,156.4,0.004,0.9269
1.9810e+05,127.5,0.004,0.9289
1.9811e+05,90.9,0.005,0.9262
1.9811e+05,143.8,0.005,0.9302
1.9811e+05,158.7,0.005,0.9292
1.9811e+05,167.3,0.005,0.9267
1.9811e+05,162.4,0.005,0.9288
1.9811e+05,137.5,0.005,0.9314
1.9811e+05,150.1,0.005,0.9313
1.982e+05,111.2,0.006,0.9176
1.982e+05,163.6,0.006,0.922
1.982e+05,153.8,0.006,0.92
1.982e+05,122,0.024,0.853
1.9820e+05,82.2,0.043,0.7857
1.9821e+05,110.4,0.053,0.7859
1.9821e+05,106.1,0.068,0.8044
1.9821e+05,107.6,0.074,0.8252
1.9821e+05,118.8,0.078,0.8357
1.9821e+05,94.7,0.084,0.8386
1.9821e+05,98.1,0.09,0.8612
1.9821e+05,127,0.098,0.8875
1.983e+05,84.3,0.096,0.8953
1.983e+05,51,0.094,0.8967
1.983e+05,66.5,0.096,0.8882
1.983e+05,80.7,0.091,0.8931
1.9830e+05,99.2,0.086,0.8863
1.9831e+05,91.1,0.079,0.893
1.9831e+05,82.2,0.073,0.8985
1.9831e+05,71.8,0.067,0.901
1.9831e+05,50.3,0.062,0.9006
1.9831e+05,55.8,0.057,0.9023
1.9831e+05,33.4,0.052,0.9062
1.9831e+05,33.4,0.049,0.9114
1.984e+05,57,0.045,0.9126
1.984e+05,85.4,0.041,0.9164
1.984e+05,83.5,0.038,0.9142
1.984e+05,69.7,0.035,0.9046
1.9840e+05,76.4,0.032,0.9054
1.9841e+05,46.1,0.03,0.9169
1.9841e+05,37.4,0.028,0.9234
1.9841e+05,25.5,0.026,0.9225
1.9841e+05,15.7,0.024,0.9232
1.9841e+05,12,0.022,0.9198
1.9841e+05,22.8,0.02,0.9214
1.9841e+05,18.7,0.019,0.9175
1.985e+05,16.5,0.016,0.9245
1.985e+05,15.9,0.016,0.9282
1.985e+05,17.2,0.014,0.9057
1.985e+05,16.2,0.014,0.922
1.9850e+05,27.5,0.013,0.9188
1.9851e+05,24.2,0.012,0.9224
1.9851e+05,30.7,0.012,0.9287
1.9851e+05,11.1,0.011,0.9295
1.9851e+05,3.9,0.01,0.9276
1.9851e+05,18.6,0.01,0.9258
1.9851e+05,16.2,0.01,0.9295
1.9851e+05,17.3,0.012,0.9304
1.986e+05,2.5,0.014,0.9304
1.986e+05,23.2,0.016,0.9259
1.986e+05,15.1,0.014,0.9291
1.986e+05,18.5,0.015,0.9226
1.9860e+05,13.7,0.014,0.9264
1.9861e+05,1.1,0.013,0.9234
1.9861e+05,18.1,0.013,0.9249
1.9861e+05,7.4,0.014,0.9266
1.9861e+05,3.8,0.013,0.9238
1.9861e+05,35.4,0.012,0.93
1.9861e+05,15.2,0.012,0.9285
1.9861e+05,6.8,0.012,0.9299
1.987e+05,10.4,0.012,0.9309
1.987e+05,2.4,0.011,0.9326
1.987e+05,14.7,0.011,0.9281
1.987e+05,39.6,0.01,0.9273
1.9870e+05,33,0.01,0.9243
1.9871e+05,17.4,0.01,0.9272
1.9871e+05,33,0.011,0.927
1.9871e+05,38.7,0.011,0.9313
1.9871e+05,33.9,0.01,0.9274
1.9871e+05,60.6,0.009,0.9295
1.9871e+05,39.9,0.009,0.9327
1.9871e+05,27.1,0.009,0.9308
1.988e+05,59,0.008,0.9319
1.988e+05,40,0.009,0.9319
1.988e+05,76.2,0.008,0.9302
1.988e+05,88,0.007,0.9262
1.9880e+05,60.1,0.007,0.9266
1.9881e+05,101.8,0.007,0.9299
1.9881e+05,113.8,0.008,0.9335
1.9881e+05,111.6,0.009,0.9323
1.9881e+05,120.1,0.007,0.9307
1.9881e+05,125.1,0.006,0.9279
1.9881e+05,125.1,0.007,0.928
1.9881e+05,179.2,0.007,0.9324
1.989e+05,161.3,0.007,0.9326
1.989e+05,165.1,0.006,0.9283
1.989e+05,131.4,0.006,0.9262
1.989e+05,130.6,0.006,0.9256
1.9890e+05,138.5,0.005,0.9216
1.9891e+05,196.2,0.006,0.9283
1.9891e+05,126.9,0.007,0.9304
1.9891e+05,168.9,0.008,0.9334
1.9891e+05,176.7,0.006,0.9322
1.9891e+05,159.4,0.005,0.928
1.9891e+05,173,0.005,0.9331
1.9891e+05,165.5,0.005,0.9341
1.99e+05,177.3,0.006,0.9354
1.99e+05,130.5,0.007,0.9339
1.99e+05,140.3,0.006,0.9328
1.99e+05,140.3,0.004,0.9329
1.9900e+05,132.2,0.004,0.9291
1.9901e+05,105.4,0.006,0.9317
1.9901e+05,149.4,0.007,0.9328
1.9901e+05,200.3,0.007,0.9315
1.9901e+05,125.2,0.007,0.9304
1.9901e+05,145.5,0.006,0.9332
1.9901e+05,131.4,0.006,0.9301
1.9901e+05,129.7,0.006,0.9346
1.991e+05,136.9,0.006,0.9345
1.991e+05,167.5,0.006,0.9345
1.991e+05,141.9,0.005,0.9257
1.991e+05,140,0.005,0.9257
1.9910e+05,121.3,0.005,0.9292
1.9911e+05,169.7,0.018,0.9288
1.9911e+05,173.7,0.038,0.8642
1.9911e+05,176.3,0.071,0.8311
1.9911e+05,125.3,0.096,0.821
1.9911e+05,144.1,0.12,0.8251
1.9911e+05,108.2,0.138,0.8346
1.9911e+05,144.4,0.138,0.8466
1.992e+05,150,0.148,0.8606
1.992e+05,161.1,0.149,0.8533
1.992e+05,106.7,0.143,0.8557
1.992e+05,99.8,0.139,0.8528
1.9920e+05,73.8,0.138,0.8537
1.9921e+05,65.2,0.126,0.8616
1.9921e+05,85.7,0.123,0.8711
1.9921e+05,64.5,0.114,0.8649
1.9921e+05,63.9,0.104,0.8643
1.9921e+05,88.7,0.098,0.8725
1.9921e+05,91.8,0.092,0.8818
1.9921e+05,82.6,0.079,0.8972
1.993e+05,59.3,0.074,0.9025
1.993e+05,91,0.066,0.9046
1.993e+05,69.8,0.061,0.9067
1.993e+05,62.2,0.056,0.9103
1.9930e+05,61.3,0.052,0.9059
1.9931e+05,49.8,0.048,0.9111
1.9931e+05,57.9,0.044,0.9102
1.9931e+05,42.2,0.042,0.9155
1.9931e+05,22.4,0.039,0.9125
1.9931e+05,56.4,0.037,0.9206
1.9931e+05,35.6,0.035,0.9226
1.9931e+05,48.9,0.031,0.9222
1.994e+05,57.8,0.028,0.9232
1.994e+05,35.5,0.026,0.926
1.994e+05,31.7,0.024,0.9261
1.994e+05,16.1,0.022,0.918
1.9940e+05,17.8,0.02,0.9182
1.9941e+05,28,0.018,0.9257
1.9941e+05,35.1,0.018,0.9236
1.9941e+05,22.5,0.017,0.9236
1.9941e+05,25.7,0.016,0.9235
1.9941e+05,44,0.016,0.9282
1.9941e+05,18,0.016,0.9275
1.9941e+05,26.2,0.016,0.9327
1.995e+05,24.2,0.012,0.9321
1.995e+05,29.9,0.012,0.931
1.995e+05,31.1,0.011,0.9281
1.995e+05,14,0.01,0.926
1.9950e+05,14.5,0.01,0.9249
1.9951e+05,15.6,0.009,0.9256
1.9951e+05,14.5,0.009,0.9311
1.9951e+05,14.3,0.009,0.9339
1.9951e+05,11.8,0.008,0.9319
1.9951e+05,21.1,0.009,0.9307
1.9951e+05,9,0.009,0.9295
1.9951e+05,10,0.008,0.9309
1.996e+05,11.5,0.007,0.9298
1.996e+05,4.4,0.007,0.9326
1.996e+05,9.2,0.007,0.9236
1.996e+05,4.8,0.006,0.9286
1.9960e+05,5.5,0.007,0.9252
1.9961e+05,11.8,0.006,0.9275
1.9961e+05,8.2,0.006,0.9331
1.9961e+05,14.4,0.006,0.9316
1.9961e+05,1.6,0.006,0.9311
1.9961e+05,0.9,0.006,0.9315
1.9961e+05,17.9,0.006,0.9329
1.9961e+05,13.3,0.006,0.9325
1.997e+05,5.7,0.006,0.9325
1.997e+05,7.6,0.006,0.9323
1.997e+05,8.7,0.005,0.9276
1.997e+05,15.5,0.005,0.9296
1.9970e+05,18.5,0.005,0.926
1.9971e+05,12.7,0.005,0.928
1.9971e+05,10.4,0.005,0.9314
1.9971e+05,24.4,0.005,0.9321
1.9971e+05,51.3,0.005,0.9317
1.9971e+05,22.8,0.005,0.933
1.9971e+05,39,0.005,0.9311
1.9971e+05,41.2,0.004,0.9364
1.998e+05,31.9,0.004,0.936
1.998e+05,40.3,0.004,0.9353
1.998e+05,54.8,0.003,0.9299
1.998e+05,53.4,0.003,0.9286
1.9980e+05,56.3,0.003,0.9286
1.9981e+05,70.7,0.003,0.9265
1.9981e+05,66.6,0.002,0.9337
1.9981e+05,92.2,0.002,0.9336
1.9981e+05,92.9,0.002,0.9341
1.9981e+05,55.5,0.002,0.932
1.9981e+05,74,0.002,0.9329
1.9981e+05,81.9,0.002,0.9343
1.999e+05,62,0.001,0.9344
1.999e+05,66.3,0.001,0.9342
1.999e+05,68.8,0.001,0.9257
1.999e+05,63.7,0.001,0.9122
1.9990e+05,106.4,0.001,0.9242
1.9991e+05,137.7,0.001,0.9307
1.9991e+05,113.5,0.001,0.9333
1.9991e+05,93.7,0.001,0.9329
1.9991e+05,71.5,0.001,0.9337
1.9991e+05,116.7,0.001,0.9299
1.9991e+05,133.2,0.001,0.9326
1.9991e+05,84.6,0.001,0.9316
2e+05,90.1,0,0.9303
2e+05,112.9,0,0.9312
2e+05,138.5,0,0.9322
2e+05,125.5,0,0.9231
2.0000e+05,121.6,0,0.9279
2.0001e+05,124.9,0,0.9307
2.0001e+05,170.1,0,0.9281
2.0001e+05,130.5,0,0.9327
2.0001e+05,109.7,0,0.9303
2.0001e+05,99.4,0,0.9275
2.0001e+05,106.8,0,0.9346
2.0001e+05,104.4,0,0.9375
2.001e+05,95.6,0,0.9345
2.001e+05,80.6,0,0.9284
2.001e+05,113.5,0,0.9319
2.001e+05,107.7,0,0.9295
2.0010e+05,96.6,0,0.9282
2.0011e+05,134,0,0.924
2.0011e+05,81.8,0,0.9334
2.0011e+05,106.4,0,0.9309
2.0011e+05,150.7,0,0.9354
2.0011e+05,125.5,0,0.9327
2.0011e+05,106.5,0,0.9363
2.0011e+05,132.2,0,0.9362
2.002e+05,114.1,0,0.933
2.002e+05,107.4,0,0.9313
2.002e+05,98.4,0,0.932
2.002e+05,120.7,0,0.9313
2.0020e+05,120.8,0,0.9279
2.0021e+05,88.3,0,0.9306
2.0021e+05,99.6,0,0.9276
2.0021e+05,116.4,0,0.928
2.0021e+05,109.6,0,0.9325
2.0021e+05,97.5,0.002,0.9322
2.0021e+05,95.5,0.005,0.9317
2.0021e+05,80.8,0.007,0.9324
2.003e+05,79.7,0.01,0.935
2.003e+05,46,0.009,0.9328
2.003e+05,61.1,0.009,0.9311
2.003e+05,60,0.008,0.921
2.0030e+05,54.6,0.007,0.9246
2.0031e+05,77.4,0.007,0.9272
2.0031e+05,83.3,0.006,0.9322
2.0031e+05,72.7,0.006,0.9287
2.0031e+05,48.7,0.005,0.9314
2.0031e+05,65.5,0.005,0.9305
2.0031e+05,67.3,0.004,0.9334
2.0031e+05,46.5,0.004,0.9338
2.004e+05,37.3,0.004,0.9324
2.004e+05,45.8,0.003,0.9324
2.004e+05,49.1,0.003,0.9266
2.004e+05,39.3,0.003,0.9221
2.0040e+05,41.5,0.003,0.9244
2.0041e+05,43.2,0.002,0.9297
2.0041e+05,51.1,0.002,0.9316
2.0041e+05,40.9,0.002,0.932
2.0041e+05,27.7,0.002,0.9326
2.0041e+05,48,0.002,0.9314
2.0041e+05,43.5,0.002,0.9304
2.0041e+05,17.9,0.002,0.9328
2.005e+05,31.3,0.001,0.9324
2.005e+05,29.2,0.004,0.9317
2.005e+05,24.5,0.006,0.9298
2.005e+05,24.2,0.009,0.9235
2.0050e+05,42.7,0.011,0.9254
2.0051e+05,39.3,0.01,0.9283
2.0051e+05,40.1,0.009,0.9306
2.0051e+05,36.4,0.009,0.9298
2.0051e+05,21.9,0.008,0.9304
2.0051e+05,8.7,0.007,0.9316
2.0051e+05,18,0.007,0.9297
2.0051e+05,41.1,0.006,0.931
2.006e+05,15.3,0.006,0.9304
2.006e+05,4.9,0.005,0.9335
2.006e+05,10.6,0.005,0.9246
2.006e+05,30.2,0.004,0.9222
2.0060e+05,22.3,0.004,0.9251
2.0061e+05,13.9,0.004,0.9296
2.0061e+05,12.2,0.004,0.9281
2.0061e+05,12.9,0.005,0.9282
2.0061e+05,14.4,0.005,0.9302
2.0061e+05,10.5,0.004,0.9261
2.0061e+05,21.4,0.004,0.9279
2.0061e+05,13.6,0.004,0.9306
2.007e+05,16.8,0.004,0.9314
2.007e+05,10.7,0.003,0.9298
2.007e+05,4.5,0.003,0.9267
2.007e+05,3.4,0.003,0.9232
2.0070e+05,11.7,0.002,0.9232
2.0071e+05,12.1,0.002,0.9286
2.0071e+05,9.7,0.002,0.9279
2.0071e+05,6,0.002,0.9311
2.0071e+05,2.4,0.002,0.9304
2.0071e+05,0.9,0.002,0.9312
2.0071e+05,1.7,0.002,0.9319
2.0071e+05,10.1,0.001,0.9298
2.008e+05,3.3,0.001,0.9318
2.008e+05,2.1,0.001,0.9306
2.008e+05,9.3,0.001,0.9297
2.008e+05,2.9,0.001,0.9259
2.0080e+05,3.2,0.001,0.9245
2.0081e+05,3.4,0.001,0.926
2.0081e+05,0.8,0.001,0.9342
2.0081e+05,0.5,0.001,0.9329
2.0081e+05,1.1,0.001,0.9317
2.0081e+05,2.9,0.002,0.9299
2.0081e+05,4.1,0.003,0.9286
2.0081e+05,0.8,0.002,0.9284
2.009e+05,1.3,0.002,0.9307
2.009e+05,1.4,0.001,0.9337
2.009e+05,0.7,0.001,0.9012
2.009e+05,0.8,0.001,0.9129
2.0090e+05,2.9,0.001,0.9289
2.0091e+05,2.9,0.001,0.9288
2.0091e+05,3.2,0.002,0.9231
2.0091e+05,0,0.004,0.9246
2.0091e+05,4.3,0.005,0.9277
2.0091e+05,4.8,0.004,0.9274
2.0091e+05,4.1,0.003,0.933
2.0091e+05,10.8,0.002,0.9315
2.01e+05,13.2,0.002,0.9331
2.01e+05,18.8,0.001,0.9317
2.01e+05,15.4,0.001,0.9249
2.01e+05,8,0.001,0.9249
2.0100e+05,8.7,0.001,0.9282
2.0101e+05,13.6,0,0.9304
2.0101e+05,16.1,0,0.9324
2.0101e+05,19.6,0,0.9335
2.0101e+05,25.2,0,0.9337
2.0101e+05,23.5,0,0.9325
2.0101e+05,21.5,0,0.933
2.0101e+05,14.4,NaN,0.9315
2.011e+05,18.8,NaN,0.931
2.011e+05,29.6,NaN,0.9276
2.011e+05,55.8,NaN,0.9281
2.011e+05,54.4,NaN,0.925
2.0110e+05,41.6,NaN,0.9249
2.0111e+05,37,NaN,0.9307
2.0111e+05,43.8,NaN,0.9279
2.0111e+05,50.6,NaN,0.9278
2.0111e+05,78,NaN,0.9284
2.0111e+05,88,NaN,0.9279
2.0111e+05,96.7,NaN,0.9238
2.0111e+05,73,NaN,0.928
2.012e+05,58.3,NaN,0.9314
2.012e+05,32.9,NaN,0.9328
2.012e+05,64.3,NaN,0.9272
2.012e+05,55.2,NaN,0.9269
2.0120e+05,69,NaN,0.9252
2.0121e+05,64.5,NaN,0.928
2.0121e+05,66.5,NaN,0.9307
2.0121e+05,63,NaN,0.9334
2.0121e+05,61.4,NaN,0.932
2.0121e+05,53.3,NaN,0.9306
2.0121e+05,61.8,NaN,NaN
2.0121e+05,40.8,NaN,NaN
2.013e+05,62.9,NaN,NaN
2.013e+05,38.1,NaN,NaN
2.013e+05,57.9,NaN,NaN
2.013e+05,72.4,NaN,NaN
2.0130e+05,78.7,NaN,NaN
2.0131e+05,52.5,NaN,NaN
2.0131e+05,57,NaN,NaN
2.0131e+05,66,NaN,NaN
2.0131e+05,36.9,NaN,NaN
2.0131e+05,85.6,NaN,NaN
2.0131e+05,77.6,NaN,NaN
